Workbook

Sheet Summary
A1: Restful-Booker API — Test Cases
A3: Project Name | B3: Restful-Booker | G3: How to use
A4: Module | B4: API | G4: • On 'Test Cases', fill in Status (dropdown), Actual Result and Bug ID.
A5: Created By | B5: Oly | G5: • When a failure is a confirmed bug, set Suite to 'Known Issue'.
A6: Version | B6: 2.0 (supersedes the 2024 sheet) | G6: • Counts on this sheet update automatically.
A7: Last Updated | B7: September 2026
A8: Risk Map | B8: docs/01-risk-map.md
A9: Test Strategy | B9: docs/02-test-strategy.md
A10: Test Plan | B10: docs/03-test-plan.md
A13: Scenario ID | B13: Scenario | C13: Risk IDs | D13: Priority | E13: Suite | F13: No. of TCs | G13: Passed | H13: Failed | I13: Blocked | J13: Not Run | K13: Pass Rate
A14: S00 | B14: Health Check | C14: R6 | D14: P0 | E14: Smoke | F14: =COUNTIF('Test Cases'!$B:$B,A14) -> 1 | G14: =COUNTIFS('Test Cases'!$B:$B,A14,'Test Cases'!$N:$N,"Pass") -> 0 | H14: =COUNTIFS('Test Cases'!$B:$B,A14,'Test Cases'!$N:$N,"Fail") -> 0 | I14: =COUNTIFS('Test Cases'!$B:$B,A14,'Test Cases'!$N:$N,"Blocked") -> 0 | J14: =COUNTIFS('Test Cases'!$B:$B,A14,'Test Cases'!$N:$N,"Not Run") -> 1 | K14: =IF((G14+H14)=0,"-",G14/(G14+H14)) -> -
A15: S01 | B15: Authentication | C15: R2 | D15: P0 | E15: Smoke | F15: =COUNTIF('Test Cases'!$B:$B,A15) -> 4 | G15: =COUNTIFS('Test Cases'!$B:$B,A15,'Test Cases'!$N:$N,"Pass") -> 0 | H15: =COUNTIFS('Test Cases'!$B:$B,A15,'Test Cases'!$N:$N,"Fail") -> 0 | I15: =COUNTIFS('Test Cases'!$B:$B,A15,'Test Cases'!$N:$N,"Blocked") -> 0 | J15: =COUNTIFS('Test Cases'!$B:$B,A15,'Test Cases'!$N:$N,"Not Run") -> 4 | K15: =IF((G15+H15)=0,"-",G15/(G15+H15)) -> -
A16: S02 | B16: Booking Lifecycle | C16: R4, R8 | D16: P0 | E16: Smoke | F16: =COUNTIF('Test Cases'!$B:$B,A16) -> 8 | G16: =COUNTIFS('Test Cases'!$B:$B,A16,'Test Cases'!$N:$N,"Pass") -> 0 | H16: =COUNTIFS('Test Cases'!$B:$B,A16,'Test Cases'!$N:$N,"Fail") -> 0 | I16: =COUNTIFS('Test Cases'!$B:$B,A16,'Test Cases'!$N:$N,"Blocked") -> 0 | J16: =COUNTIFS('Test Cases'!$B:$B,A16,'Test Cases'!$N:$N,"Not Run") -> 8 | K16: =IF((G16+H16)=0,"-",G16/(G16+H16)) -> -
A17: S03 | B17: Input Validation | C17: R1, R8, R9 | D17: P1 | E17: Regression | F17: =COUNTIF('Test Cases'!$B:$B,A17) -> 18 | G17: =COUNTIFS('Test Cases'!$B:$B,A17,'Test Cases'!$N:$N,"Pass") -> 0 | H17: =COUNTIFS('Test Cases'!$B:$B,A17,'Test Cases'!$N:$N,"Fail") -> 0 | I17: =COUNTIFS('Test Cases'!$B:$B,A17,'Test Cases'!$N:$N,"Blocked") -> 0 | J17: =COUNTIFS('Test Cases'!$B:$B,A17,'Test Cases'!$N:$N,"Not Run") -> 18 | K17: =IF((G17+H17)=0,"-",G17/(G17+H17)) -> -
A18: S04 | B18: Authorization | C18: R3, R6 | D18: P1 | E18: Regression | F18: =COUNTIF('Test Cases'!$B:$B,A18) -> 10 | G18: =COUNTIFS('Test Cases'!$B:$B,A18,'Test Cases'!$N:$N,"Pass") -> 0 | H18: =COUNTIFS('Test Cases'!$B:$B,A18,'Test Cases'!$N:$N,"Fail") -> 0 | I18: =COUNTIFS('Test Cases'!$B:$B,A18,'Test Cases'!$N:$N,"Blocked") -> 0 | J18: =COUNTIFS('Test Cases'!$B:$B,A18,'Test Cases'!$N:$N,"Not Run") -> 10 | K18: =IF((G18+H18)=0,"-",G18/(G18+H18)) -> -
A19: S05 | B19: Search & Filters | C19: R5 | D19: P2 | E19: Regression | F19: =COUNTIF('Test Cases'!$B:$B,A19) -> 7 | G19: =COUNTIFS('Test Cases'!$B:$B,A19,'Test Cases'!$N:$N,"Pass") -> 0 | H19: =COUNTIFS('Test Cases'!$B:$B,A19,'Test Cases'!$N:$N,"Fail") -> 0 | I19: =COUNTIFS('Test Cases'!$B:$B,A19,'Test Cases'!$N:$N,"Blocked") -> 0 | J19: =COUNTIFS('Test Cases'!$B:$B,A19,'Test Cases'!$N:$N,"Not Run") -> 7 | K19: =IF((G19+H19)=0,"-",G19/(G19+H19)) -> -
A20: S06 | B20: Docs & Contract | C20: R7, R4, R6 | D20: P2 | E20: Regression | F20: =COUNTIF('Test Cases'!$B:$B,A20) -> 6 | G20: =COUNTIFS('Test Cases'!$B:$B,A20,'Test Cases'!$N:$N,"Pass") -> 0 | H20: =COUNTIFS('Test Cases'!$B:$B,A20,'Test Cases'!$N:$N,"Fail") -> 0 | I20: =COUNTIFS('Test Cases'!$B:$B,A20,'Test Cases'!$N:$N,"Blocked") -> 0 | J20: =COUNTIFS('Test Cases'!$B:$B,A20,'Test Cases'!$N:$N,"Not Run") -> 6 | K20: =IF((G20+H20)=0,"-",G20/(G20+H20)) -> -
A21: Total | F21: =SUM(F14:F20) -> 54 | G21: =SUM(G14:G20) -> 0 | H21: =SUM(H14:H20) -> 0 | I21: =SUM(I14:I20) -> 0 | J21: =SUM(J14:J20) -> 54 | K21: =IF((G21+H21)=0,"-",G21/(G21+H21)) -> -
A23: Pass Rate = Passed ÷ (Passed + Failed). Blocked and Not Run cases are excluded.
A24: Known Issue counts come from the Suite column on 'Test Cases': | F24: =COUNTIF('Test Cases'!$L:$L,"Known Issue") -> 0

Sheet Test Cases
A1: TC ID | B1: Scenario ID | C1: Risk ID | D1: Title | E1: Priority | F1: Preconditions | G1: Request | H1: Headers / Auth | I1: Test Data / Body | J1: Expected Result | K1: Postman Assertions | L1: Suite | M1: Automated | N1: Status | O1: Actual Result | P1: Bug ID
A2: TC-S00-01 | B2: S00 | C2: R6 | D2: Verify the health check endpoint responds when the API is up | E2: P0 | F2: None | G2: GET /ping | H2: Accept: application/json | I2: None | J2: 201 Created with body 'Created' (documented behavior) | K2: Status is 201; body includes 'Created' | L2: Smoke | M2: Y | N2: Not Run
A3: TC-S01-01 | B3: S01 | C3: R2 | D3: Verify a token is returned for valid credentials | E3: P0 | F3: None | G3: POST /auth | H3: Content-Type: application/json Accept: application/json | I3: {"username": "{{username}}", "password": "{{password}}"} | J3: 200 OK with a non-empty string token; token saved to {{token}} | K3: Status is 200; token exists, is a non-empty string; set {{token}} | L3: Smoke | M3: Y | N3: Not Run
A4: TC-S01-02 | B4: S01 | C4: R2 | D4: Verify an invalid password is rejected with 401 | E4: P0 | F4: None | G4: POST /auth | H4: Content-Type: application/json Accept: application/json | I4: {"username": "{{username}}", "password": "wrong-password"} | J4: 401 Unauthorized; no token in the response | K4: Status is 401; body has no token | L4: Smoke | M4: Y | N4: Not Run
A5: TC-S01-03 | B5: S01 | C5: R2 | D5: Verify an unknown username is rejected with 401 | E5: P1 | F5: None | G5: POST /auth | H5: Content-Type: application/json Accept: application/json | I5: {"username": "no-such-user", "password": "{{password}}"} | J5: 401 Unauthorized; no token in the response | K5: Status is 401; body has no token | L5: Smoke | M5: Y | N5: Not Run
A6: TC-S01-04 | B6: S01 | C6: R2 | D6: Verify a token request with an empty body is rejected with 400 | E6: P1 | F6: None | G6: POST /auth | H6: Content-Type: application/json Accept: application/json | I6: {} | J6: 400 Bad Request; no token in the response | K6: Status is 400; body has no token | L6: Smoke | M6: Y | N6: Not Run
A7: TC-S02-01 | B7: S02 | C7: R4 | D7: Verify a booking is created with valid data | E7: P0 | F7: None | G7: POST /booking | H7: Content-Type: application/json Accept: application/json | I7: Valid booking body: generated firstname/lastname, totalprice, depositpaid, bookingdates (checkin, checkout), additionalneeds | J7: 200 OK with a numeric bookingid and a booking object matching the data sent; bookingid saved to {{bookingid}} | K7: Status is 200; bookingid is a number; each booking field equals the value sent; schema check; set {{bookingid}} | L7: Smoke | M7: Y | N7: Not Run
A8: TC-S02-02 | B8: S02 | C8: R4 | D8: Verify the new booking appears in the booking ID list | E8: P0 | F8: S02-01 passed ({{bookingid}} set) | G8: GET /booking | H8: Accept: application/json | I8: None | J8: 200 OK; the list contains {{bookingid}} | K8: Status is 200; response array contains an item with bookingid = {{bookingid}} | L8: Smoke | M8: Y | N8: Not Run
A9: TC-S02-03 | B9: S02 | C9: R4 | D9: Verify the created booking can be retrieved by ID | E9: P0 | F9: S02-01 passed | G9: GET /booking/{{bookingid}} | H9: Accept: application/json | I9: None | J9: 200 OK; every field matches the data sent in S02-01 | K9: Status is 200; each field equals the created values; schema check | L9: Smoke | M9: Y | N9: Not Run
A10: TC-S02-04 | B10: S02 | C10: R4, R8 | D10: Verify a full update replaces all booking fields | E10: P0 | F10: S02-01 passed; valid {{token}} | G10: PUT /booking/{{bookingid}} | H10: Content-Type: application/json Accept: application/json Cookie: token={{token}} | I10: Complete booking body with every field changed to new values | J10: 200 OK; response shows all new values | K10: Status is 200; each field equals the new values; schema check | L10: Smoke | M10: Y | N10: Not Run
A11: TC-S02-05 | B11: S02 | C11: R4 | D11: Verify the full update is persisted | E11: P0 | F11: S02-04 passed | G11: GET /booking/{{bookingid}} | H11: Accept: application/json | I11: None | J11: 200 OK; stored booking matches the values sent in S02-04 | K11: Status is 200; each field equals the updated values | L11: Smoke | M11: Y | N11: Not Run
A12: TC-S02-06 | B12: S02 | C12: R4, R8 | D12: Verify a partial update changes only the fields sent | E12: P0 | F12: S02-05 passed; valid {{token}} | G12: PATCH /booking/{{bookingid}} | H12: Content-Type: application/json Accept: application/json Cookie: token={{token}} | I12: {"firstname": "<new>", "lastname": "<new>"} | J12: 200 OK; firstname and lastname updated; all other fields unchanged from S02-05 | K12: Status is 200; firstname/lastname equal new values; other fields equal previous values | L12: Smoke | M12: Y | N12: Not Run
A13: TC-S02-07 | B13: S02 | C13: R4 | D13: Verify a booking can be deleted by an authorized user | E13: P0 | F13: S02-06 passed; valid {{token}} | G13: DELETE /booking/{{bookingid}} | H13: Cookie: token={{token}} | I13: None | J13: Success status (2xx); booking removed | K13: Status is 2xx | L13: Smoke | M13: Y | N13: Not Run
... A55: TC-S06-06 | B55: S06 | C55: R6 | D55: Verify error responses do not expose internal details | E55: P2 | F55: None | G55: POST /booking | H55: Content-Type: application/json Accept: application/json | I55: Syntactically invalid JSON | J55: Error response without stack traces, file paths or framework internals | K55: Body does not contain stack-trace patterns (e.g. ' at ', 'node_modules', file paths) | L55: Regression | M55: Y | N55: Not Run

Sheet Lists
A1: Status | B1: Suite | C1: Priority | D1: Automated
A2: Pass | B2: Smoke | C2: P0 | D2: Y
A3: Fail | B3: Regression | C3: P1 | D3: N
A4: Blocked | B4: Known Issue | C4: P2
A5: Not Run | C5: P3
